pdb,chain,resnum,resname,missing,rsrz,bfact
1SDT,A,1,P,0,-0.461,18.3
1SDT,A,2,Q,0,-0.592,14.15
1SDT,A,3,I,0,-0.418,13.03
1SDT,A,4,T,0,-0.453,12.46
1SDT,A,5,L,0,-0.571,11.24
1SDT,A,6,W,0,-0.461,14.09
1SDT,A,7,K,0,-0.571,14.71
1SDT,A,8,R,0,-0.624,11.72
1SDT,A,9,P,0,-0.223,12.15
1SDT,A,10,L,0,-1.33,12.6
1SDT,A,11,V,0,-0.788,11.56
1SDT,A,12,T,0,-0.775,12.15
1SDT,A,13,I,0,-0.818,11.84
1SDT,A,14,K,0,-0.251,13.46
1SDT,A,15,I,0,-0.927,12.56
1SDT,A,16,G,0,0.304,15.1
1SDT,A,17,G,0,0.304,16.95
1SDT,A,18,Q,0,-0.814,12.73
1SDT,A,19,L,0,-0.208,13.64
1SDT,A,20,K,0,-1.016,11.86
1SDT,A,21,E,0,-0.063,12.39
1SDT,A,22,A,0,-0.234,9.77
1SDT,A,23,L,0,-0.901,8.86
1SDT,A,24,L,0,-0.01,9.46
1SDT,A,25,D,0,-0.678,8.42
1SDT,A,26,T,0,-0.319,8.25
1SDT,A,27,G,0,0.168,8.32
1SDT,A,28,A,0,-0.503,8.04
1SDT,A,29,D,0,-0.9,8.63
1SDT,A,30,D,0,-0.77,8.73
1SDT,A,31,T,0,-0.614,7.95
1SDT,A,32,V,0,-0.192,8.66
1SDT,A,33,I,0,-1.073,8.74
1SDT,A,34,E,0,-0.811,9.6
1SDT,A,35,E,0,-0.811,11.08
1SDT,A,36,M,0,-0.738,11.26
1SDT,A,37,S,0,-0.596,13.12
1SDT,A,38,L,0,-1.033,13.46
1SDT,A,39,P,0,-0.318,20.42
1SDT,A,40,G,0,-0.172,23.15
1SDT,A,41,R,0,2.581,18.93
1SDT,A,42,W,0,-0.609,14.67
1SDT,A,43,K,0,-0.393,15.05
1SDT,A,44,P,0,-0.888,12.38
1SDT,A,45,K,0,-0.749,10.75
1SDT,A,46,M,0,-0.448,10.64
1SDT,A,47,I,0,-0.709,11.26
1SDT,A,48,G,0,-0.739,13.19
1SDT,A,49,G,0,-0.626,16.68
1SDT,A,50,I,0,-0.382,14.9
1SDT,A,51,G,0,-0.082,21.48
1SDT,A,52,G,0,0.417,25.97
1SDT,A,53,F,0,-0.845,16.09
1SDT,A,54,I,0,-0.855,13.68
1SDT,A,55,K,0,-0.731,11.92
1SDT,A,56,V,0,-0.424,8.95
1SDT,A,57,R,0,-0.295,9.61
1SDT,A,58,Q,0,-0.703,9.03
1SDT,A,59,Y,0,-0.837,10.34
1SDT,A,60,D,0,-0.381,13.15
1SDT,A,61,Q,0,-0.02,14.42
1SDT,A,62,I,0,-0.818,10.9
1SDT,A,63,I,0,0.127,18.03
1SDT,A,64,I,0,0.491,18.83
1SDT,A,65,E,0,-0.08,13.48
1SDT,A,66,I,0,-0.818,12.63
1SDT,A,67,A,0,0.331,17.61
1SDT,A,68,G,0,-0.558,19.21
1SDT,A,69,H,0,-0.409,14.96
1SDT,A,70,K,0,0.817,16.96
1SDT,A,71,A,0,-0.395,18.74
1SDT,A,72,I,0,-1.436,11.18
1SDT,A,73,G,0,-0.58,10.2
1SDT,A,74,T,0,-0.507,8.49
1SDT,A,75,V,0,-0.49,8.13
1SDT,A,76,L,0,-0.241,8.25
1SDT,A,77,V,0,-0.656,8.63
1SDT,A,78,G,0,-0.58,10.01
1SDT,A,79,P,0,-0.461,12.74
1SDT,A,80,T,0,-0.319,15.48
1SDT,A,81,P,0,-0.128,16.89
1SDT,A,82,V,0,-0.656,13.04
1SDT,A,83,N,0,-0.681,9.07
1SDT,A,84,I,0,-0.891,8.84
1SDT,A,85,I,0,-0.673,8.61
1SDT,A,86,G,0,-0.036,8.43
1SDT,A,87,R,0,-0.488,7.98
1SDT,A,88,N,0,-0.823,8.61
1SDT,A,89,L,0,-0.868,8.42
1SDT,A,90,L,0,-0.274,8.13
1SDT,A,91,T,0,-0.587,8.53
1SDT,A,92,Q,0,-0.685,8.66
1SDT,A,93,I,0,-1.0,10.81
1SDT,A,94,G,0,-0.49,11.42
1SDT,A,95,A,0,-0.772,10.47
1SDT,A,96,T,0,-0.587,10.8
1SDT,A,97,L,0,-0.34,10.83
1SDT,A,98,N,0,-0.62,11.44
1SDT,A,99,F,0,0.117,15.83
2IEN,A,1,P,0,-0.271,28.97
2IEN,A,2,Q,0,-0.814,19.56
2IEN,A,3,I,0,-1.0,18.79
2IEN,A,4,T,0,-0.346,18.15
2IEN,A,5,L,0,-0.67,12.34
2IEN,A,6,W,0,-0.793,13.98
2IEN,A,7,K,0,0.585,17.32
2IEN,A,8,R,0,-0.315,13.56
2IEN,A,9,P,0,-0.77,12.64
2IEN,A,10,L,0,-1.033,14.25
2IEN,A,11,V,0,-0.788,15.92
2IEN,A,12,T,0,-0.641,15.88
2IEN,A,13,I,0,-0.309,14.92
2IEN,A,14,K,0,-0.642,15.06
2IEN,A,15,I,0,-1.036,15.21
2IEN,A,16,G,0,0.327,19.79
2IEN,A,17,G,0,0.1,22.94
2IEN,A,18,Q,0,-0.518,18.49
2IEN,A,19,L,0,-0.373,19.12
2IEN,A,20,K,0,-0.945,16.01
2IEN,A,21,E,0,0.037,14.86
2IEN,A,22,A,0,-0.476,11.48
2IEN,A,23,L,0,-0.868,11.39
2IEN,A,24,L,0,-0.67,11.93
2IEN,A,25,D,0,-0.844,10.53
2IEN,A,26,T,0,-0.614,10.24
2IEN,A,27,G,0,-0.263,9.37
2IEN,A,28,A,0,-0.61,8.86
2IEN,A,29,D,0,-0.881,9.6
2IEN,A,30,D,0,0.359,14.21
2IEN,A,31,T,0,-0.802,9.5
2IEN,A,32,V,0,-0.689,10.27
2IEN,A,33,I,0,-0.818,10.73
2IEN,A,34,E,0,0.086,12.36
2IEN,A,35,E,0,-0.445,12.58
2IEN,A,36,M,0,-0.835,12.13
2IEN,A,37,S,0,-0.45,15.05
2IEN,A,38,L,0,-0.703,14.83
2IEN,A,39,P,0,-0.057,24.01
2IEN,A,40,G,0,-0.014,25.0
2IEN,A,41,R,0,2.446,26.5
2IEN,A,42,W,0,0.203,18.32
2IEN,A,43,K,0,-0.251,19.58
2IEN,A,44,P,0,-0.936,16.43
2IEN,A,45,K,0,-1.034,14.95
2IEN,A,46,M,0,-0.23,14.0
2IEN,A,47,I,0,-1.073,14.7
2IEN,A,48,G,0,-0.354,16.48
2IEN,A,49,G,0,-0.49,22.6
2IEN,A,50,I,0,0.673,17.1
2IEN,A,51,G,0,-0.172,18.49
2IEN,A,52,G,0,-0.785,14.72
2IEN,A,53,F,0,-0.914,14.71
2IEN,A,54,I,0,-0.673,13.12
2IEN,A,55,K,0,-0.464,13.58
2IEN,A,56,V,0,-0.755,11.31
2IEN,A,57,R,0,-0.295,11.46
2IEN,A,58,Q,0,-0.961,11.46
2IEN,A,59,Y,0,-0.976,12.06
2IEN,A,60,D,0,-0.641,15.26
2IEN,A,61,Q,0,0.681,16.09
2IEN,A,62,I,0,-1.073,13.68
2IEN,A,63,I,0,-0.6,19.49
2IEN,A,64,I,0,0.382,21.23
2IEN,A,65,E,0,0.352,19.21
2IEN,A,66,I,0,-0.964,17.49
2IEN,A,67,A,0,0.25,22.21
2IEN,A,68,G,0,-0.127,25.19
2IEN,A,69,H,0,-0.07,23.7
2IEN,A,70,K,0,0.959,23.53
2IEN,A,71,A,0,-0.099,21.21
2IEN,A,72,I,0,-0.2,15.13
2IEN,A,73,G,0,-0.649,12.52
2IEN,A,74,T,0,-0.802,11.71
2IEN,A,75,V,0,-0.887,10.53
2IEN,A,76,L,0,-0.505,9.66
2IEN,A,77,V,0,-0.656,9.73
2IEN,A,78,G,0,-0.694,10.26
2IEN,A,79,P,0,-0.366,12.26
2IEN,A,80,T,0,-0.882,11.25
2IEN,A,81,P,0,-0.627,13.27
2IEN,A,82,V,0,-0.391,14.33
2IEN,A,83,N,0,-0.783,11.57
2IEN,A,84,I,0,-0.382,10.92
2IEN,A,85,I,0,-0.964,10.78
2IEN,A,86,G,0,-0.58,9.25
2IEN,A,87,R,0,-0.662,9.34
2IEN,A,88,N,0,-0.539,10.0
2IEN,A,89,L,0,-1.099,10.67
2IEN,A,90,L,0,-0.538,10.46
2IEN,A,91,T,0,-0.292,11.01
2IEN,A,92,Q,0,-0.814,11.18
2IEN,A,93,I,0,-0.927,12.92
2IEN,A,94,G,0,-0.807,13.37
2IEN,A,95,A,0,-0.61,12.71
2IEN,A,96,T,0,-0.855,12.54
2IEN,A,97,L,0,0.089,13.64
2IEN,A,98,N,0,-0.356,15.02
2IEN,A,99,F,0,-0.055,17.57
2Z4O,A,1,P,0,-0.478,31.55
2Z4O,A,2,Q,0,-0.749,22.17
2Z4O,A,3,I,0,-0.487,21.88
2Z4O,A,4,T,0,-0.343,19.89
2Z4O,A,5,L,0,-0.793,13.91
2Z4O,A,6,W,0,-0.931,15.31
2Z4O,A,7,K,0,-0.175,16.35
2Z4O,A,8,R,0,-0.496,14.42
2Z4O,A,9,P,0,-0.62,13.74
2Z4O,A,10,L,0,-1.134,15.42
2Z4O,A,11,V,0,-0.731,15.16
2Z4O,A,12,T,0,-0.843,16.96
2Z4O,A,13,I,0,-0.406,15.97
2Z4O,A,14,K,0,-0.473,16.18
2Z4O,A,15,I,0,-0.754,15.25
2Z4O,A,16,G,0,0.732,18.87
2Z4O,A,17,G,0,-0.439,21.33
2Z4O,A,18,Q,0,-0.698,18.66
2Z4O,A,19,L,0,-0.846,19.02
2Z4O,A,20,K,0,-0.848,17.54
2Z4O,A,21,E,0,-0.446,16.92
2Z4O,A,22,A,0,-0.347,11.32
2Z4O,A,23,L,0,-0.819,11.81
2Z4O,A,24,L,0,0.332,12.27
2Z4O,A,25,D,0,-0.78,10.49
2Z4O,A,26,T,0,-0.387,10.19
2Z4O,A,27,G,0,-0.283,9.65
2Z4O,A,28,A,0,-0.212,9.43
2Z4O,A,29,D,0,-0.696,10.02
2Z4O,A,30,D,0,-0.629,12.18
2Z4O,A,31,T,0,-0.365,9.94
2Z4O,A,32,V,0,-0.104,9.84
2Z4O,A,33,I,0,-0.54,11.89
2Z4O,A,34,E,0,-0.652,12.67
2Z4O,A,35,E,0,-0.741,13.28
2Z4O,A,36,M,0,-0.856,13.3
2Z4O,A,37,S,0,-0.465,16.61
2Z4O,A,38,L,0,-0.741,14.56
2Z4O,A,39,P,0,0.193,22.55
2Z4O,A,40,G,0,0.049,23.26
2Z4O,A,41,R,0,2.483,24.81
2Z4O,A,42,W,0,0.326,17.09
2Z4O,A,43,K,0,-0.504,18.56
2Z4O,A,44,P,0,-0.783,16.01
2Z4O,A,45,K,0,-1.052,15.33
2Z4O,A,46,M,0,-0.363,13.44
2Z4O,A,47,I,0,-0.674,13.49
2Z4O,A,48,G,0,-1.064,15.3
2Z4O,A,49,G,0,-0.068,18.69
2Z4O,A,50,I,0,0.342,17.36
2Z4O,A,51,G,0,0.029,17.28
2Z4O,A,52,G,0,-0.928,15.98
2Z4O,A,53,F,0,-0.625,14.17
2Z4O,A,54,I,0,-0.246,13.87
2Z4O,A,55,K,0,-0.786,13.27
2Z4O,A,56,V,0,-0.313,11.44
2Z4O,A,57,R,0,-0.463,11.99
2Z4O,A,58,Q,0,-0.95,12.78
2Z4O,A,59,Y,0,-0.724,11.76
2Z4O,A,60,D,0,-0.629,14.22
2Z4O,A,61,Q,0,0.256,14.79
2Z4O,A,62,I,0,-0.781,13.0
2Z4O,A,63,I,0,0.235,19.79
2Z4O,A,64,I,0,0.583,21.35
2Z4O,A,65,E,0,0.305,18.7
2Z4O,A,66,I,0,-0.727,17.59
2Z4O,A,67,A,0,0.441,20.21
2Z4O,A,68,G,0,-0.303,22.81
2Z4O,A,69,H,0,-0.466,23.22
2Z4O,A,70,K,0,0.498,24.25
2Z4O,A,71,A,0,-0.189,19.88
2Z4O,A,72,I,0,-0.781,14.58
2Z4O,A,73,G,0,-0.869,11.9
2Z4O,A,74,T,0,-0.8,11.8
2Z4O,A,75,V,0,-0.522,10.46
2Z4O,A,76,L,0,-0.27,9.33
2Z4O,A,77,V,0,-0.757,10.91
2Z4O,A,78,G,0,-0.85,11.61
2Z4O,A,79,P,0,-0.457,12.25
2Z4O,A,80,T,0,-0.583,11.91
2Z4O,A,81,P,0,-0.539,16.06
2Z4O,A,82,V,0,-0.392,14.64
2Z4O,A,83,N,0,-0.659,12.03
2Z4O,A,84,I,0,-0.032,10.72
2Z4O,A,85,I,0,-0.139,11.31
2Z4O,A,86,G,0,0.127,10.6
2Z4O,A,87,R,0,-0.496,9.99
2Z4O,A,88,N,0,-0.427,10.77
2Z4O,A,89,L,0,-0.688,10.73
2Z4O,A,90,L,0,-0.348,10.41
2Z4O,A,91,T,0,-0.517,11.85
2Z4O,A,92,Q,0,-0.916,12.22
2Z4O,A,93,I,0,-1.021,13.58
2Z4O,A,94,G,0,-0.576,14.04
2Z4O,A,95,A,0,-0.482,13.29
2Z4O,A,96,T,0,-0.909,13.98
2Z4O,A,97,L,0,-0.427,14.1
2Z4O,A,98,N,0,-0.516,15.87
2Z4O,A,99,F,0,-0.317,19.16
3NU3,A,1,P,0,0.106,25.04
3NU3,A,2,Q,0,-0.432,15.55
3NU3,A,3,I,0,-0.215,13.84
3NU3,A,4,T,0,-0.073,13.5
3NU3,A,5,L,0,0.177,10.07
3NU3,A,6,W,0,1.184,12.36
3NU3,A,7,K,0,-0.43,10.49
3NU3,A,8,R,0,-0.118,8.75
3NU3,A,9,P,0,-0.299,9.28
3NU3,A,10,L,0,-0.71,10.11
3NU3,A,11,V,0,-0.203,10.96
3NU3,A,12,T,0,-0.468,12.18
3NU3,A,13,I,0,-0.143,10.31
3NU3,A,14,K,0,0.198,12.2
3NU3,A,15,I,0,-0.43,10.68
3NU3,A,16,G,0,0.253,14.33
3NU3,A,17,G,0,-0.392,16.88
3NU3,A,18,Q,0,-0.496,12.09
3NU3,A,19,L,0,0.143,12.7
3NU3,A,20,K,0,-0.627,10.33
3NU3,A,21,E,0,0.041,10.69
3NU3,A,22,A,0,-0.285,7.94
3NU3,A,23,L,0,-0.198,7.99
3NU3,A,24,L,0,0.007,8.38
3NU3,A,25,D,0,-0.296,7.28
3NU3,A,26,T,0,0.434,6.27
3NU3,A,27,G,0,-0.169,7.15
3NU3,A,28,A,0,0.035,7.04
3NU3,A,29,D,0,-0.51,7.22
3NU3,A,30,D,0,0.151,9.34
3NU3,A,31,T,0,0.011,6.88
3NU3,A,32,V,0,0.305,6.3
3NU3,A,33,I,0,0.036,6.48
3NU3,A,34,E,0,-0.599,7.4
3NU3,A,35,E,0,-0.634,8.26
3NU3,A,36,M,0,-0.578,8.87
3NU3,A,37,S,0,-0.217,11.57
3NU3,A,38,L,0,-0.164,10.92
3NU3,A,39,P,0,0.562,18.24
3NU3,A,40,G,0,0.352,19.3
3NU3,A,41,R,0,3.495,18.79
3NU3,A,42,W,0,0.52,13.26
3NU3,A,43,K,0,-0.214,13.26
3NU3,A,44,P,0,-0.653,11.07
3NU3,A,45,K,0,-0.489,10.08
3NU3,A,46,M,0,0.118,9.32
3NU3,A,47,I,0,-0.108,8.96
3NU3,A,48,G,0,-0.392,11.84
3NU3,A,49,G,0,0.104,11.49
3NU3,A,50,I,0,0.466,9.78
3NU3,A,51,G,0,0.328,13.43
3NU3,A,52,G,0,0.278,14.53
3NU3,A,53,F,0,0.11,11.39
3NU3,A,54,I,0,-0.108,9.38
3NU3,A,55,K,0,-0.096,8.46
3NU3,A,56,V,0,-0.136,7.95
3NU3,A,57,R,0,0.183,8.18
3NU3,A,58,Q,0,-0.601,8.01
3NU3,A,59,Y,0,-0.47,8.9
3NU3,A,60,D,0,-0.041,12.85
3NU3,A,61,Q,0,1.445,13.84
3NU3,A,62,I,0,-0.215,9.99
3NU3,A,63,I,0,0.394,16.41
3NU3,A,64,I,0,2.043,16.65
3NU3,A,65,E,0,0.929,12.84
3NU3,A,66,I,0,0.287,12.68
3NU3,A,67,A,0,1.895,18.33
3NU3,A,68,G,0,1.419,21.02
3NU3,A,69,H,0,0.534,17.13
3NU3,A,70,K,0,0.827,17.32
3NU3,A,71,A,0,0.238,16.67
3NU3,A,72,I,0,-0.538,10.11
3NU3,A,73,G,0,-0.442,9.75
3NU3,A,74,T,0,-0.214,9.32
3NU3,A,75,V,0,-0.169,7.42
3NU3,A,76,L,0,0.075,6.32
3NU3,A,77,V,0,0.169,6.23
3NU3,A,78,G,0,-0.491,7.27
3NU3,A,79,P,0,-0.273,8.71
3NU3,A,80,T,0,-0.073,7.85
3NU3,A,81,P,0,-0.248,9.85
3NU3,A,82,V,0,0.373,8.93
3NU3,A,83,N,0,-0.276,6.9
3NU3,A,84,I,0,0.036,7.26
3NU3,A,85,I,0,0.179,7.43
3NU3,A,86,G,0,0.03,6.48
3NU3,A,87,R,0,-0.398,6.4
3NU3,A,88,N,0,-0.437,7.04
3NU3,A,89,L,0,0.007,7.36
3NU3,A,90,L,0,-0.027,7.53
3NU3,A,91,T,0,-0.073,7.76
3NU3,A,92,Q,0,-0.622,8.14
3NU3,A,93,I,0,-0.681,10.42
3NU3,A,94,G,0,-0.293,10.94
3NU3,A,95,A,0,-0.605,10.16
3NU3,A,96,T,0,-0.299,10.6
3NU3,A,97,L,0,0.553,10.44
3NU3,A,98,N,0,-0.299,10.87
3NU3,A,99,F,0,-0.358,13.65
3S45,A,1,P,0,1.342,41.18
3S45,A,2,Q,0,-0.385,31.28
3S45,A,3,F,0,-0.359,22.4
3S45,A,4,S,0,-0.321,24.09
3S45,A,5,L,0,-0.72,19.05
3S45,A,6,W,0,0.488,22.81
3S45,A,7,K,0,-0.355,26.56
3S45,A,8,R,0,0.175,19.17
3S45,A,9,P,0,-0.623,17.79
3S45,A,10,V,0,-0.03,17.26
3S45,A,11,V,0,-0.36,20.8
3S45,A,12,T,0,-0.445,22.06
3S45,A,13,A,0,-0.228,22.78
3S45,A,14,Y,0,0.935,25.28
3S45,A,15,I,0,-0.582,25.86
3S45,A,16,E,0,1.704,32.27
3S45,A,17,G,0,0.243,34.72
3S45,A,18,Q,0,1.629,32.66
3S45,A,19,P,0,-0.159,30.3
3S45,A,20,V,0,1.802,26.21
3S45,A,21,E,0,0.543,24.43
3S45,A,22,V,0,-0.871,15.4
3S45,A,23,L,0,-0.69,13.57
3S45,A,24,L,0,-0.268,14.14
3S45,A,25,D,0,-0.078,14.31
3S45,A,26,T,0,-0.302,9.89
3S45,A,27,G,0,-0.243,13.07
3S45,A,28,A,0,-0.35,12.75
3S45,A,29,D,0,-0.254,16.46
3S45,A,30,D,0,0.293,20.47
3S45,A,31,S,0,-0.382,14.64
3S45,A,32,I,0,-0.424,13.74
3S45,A,33,V,0,-0.3,15.66
3S45,A,34,A,0,-0.865,16.73
3S45,A,35,G,0,0.645,23.79
3S45,A,36,I,0,1.127,26.26
3S45,A,37,E,0,1.333,27.89
3S45,A,38,L,0,-0.509,21.23
3S45,A,39,G,0,0.476,19.9
3S45,A,40,N,0,0.165,21.24
3S45,A,41,N,0,-0.506,19.04
3S45,A,42,Y,0,-0.603,16.27
3S45,A,43,S,0,-0.141,16.15
3S45,A,44,P,0,-0.932,15.2
3S45,A,45,K,0,0.432,18.5
3S45,A,46,I,0,-0.614,14.26
3S45,A,47,V,0,-0.39,15.8
3S45,A,48,G,0,-0.624,12.52
3S45,A,49,G,0,-0.201,10.46
3S45,A,50,I,0,-0.297,9.87
3S45,A,51,G,0,-0.476,11.47
3S45,A,52,G,0,-0.222,15.86
3S45,A,53,F,0,0.562,12.79
3S45,A,54,I,0,-0.551,13.51
3S45,A,55,N,0,-0.908,13.48
3S45,A,56,T,0,-0.445,11.29
3S45,A,57,K,0,-0.472,14.61
3S45,A,58,E,0,-0.401,15.56
3S45,A,59,Y,0,-0.449,19.96
3S45,A,60,K,0,0.65,29.03
3S45,A,61,N,0,1.467,31.22
3S45,A,62,V,0,-0.601,26.97
3S45,A,63,E,0,0.636,32.32
3S45,A,64,I,0,0.272,29.51
3S45,A,65,E,0,0.946,28.27
3S45,A,66,V,0,0.12,25.75
3S45,A,67,L,0,2.081,28.22
3S45,A,68,N,0,1.621,34.52
3S45,A,69,K,0,0.968,34.1
3S45,A,70,K,0,1.152,31.61
3S45,A,71,V,0,0.42,29.42
3S45,A,72,R,0,1.818,31.47
3S45,A,73,A,0,-0.277,25.05
3S45,A,74,T,0,-0.493,19.49
3S45,A,75,I,0,-0.424,17.92
3S45,A,76,M,0,-0.316,15.33
3S45,A,77,T,0,-0.255,14.96
3S45,A,78,G,0,-0.476,17.16
3S45,A,79,D,0,-0.325,19.5
3S45,A,80,T,0,-0.493,17.06
3S45,A,81,P,0,-0.6,15.97
3S45,A,82,I,0,-0.614,16.34
3S45,A,83,N,0,-0.563,12.17
3S45,A,84,I,0,-0.297,12.16
3S45,A,85,F,0,-0.295,11.84
3S45,A,86,G,0,-0.201,11.6
3S45,A,87,R,0,-0.189,12.39
3S45,A,88,N,0,-0.563,14.28
3S45,A,89,I,0,-0.709,15.38
3S45,A,90,L,0,-0.66,15.42
3S45,A,91,T,0,-0.421,15.56
3S45,A,92,A,0,-0.35,20.94
3S45,A,93,L,0,0.214,23.26
3S45,A,94,G,0,0.391,24.61
3S45,A,95,M,0,-0.338,20.86
3S45,A,96,S,0,0.0,18.31
3S45,A,97,L,0,0.033,17.78
3S45,A,98,N,0,-0.448,21.86
3S45,A,99,L,0,6.027,28.34
3S45,B,1,P,0,2.247,34.66
3S45,B,2,Q,0,0.053,28.6
3S45,B,3,F,0,-0.359,19.14
3S45,B,4,S,0,-0.261,20.3
3S45,B,5,L,0,-0.389,13.96
3S45,B,6,W,0,-0.627,18.31
3S45,B,7,K,0,-0.405,16.63
3S45,B,8,R,0,0.988,13.38
3S45,B,9,P,0,-0.468,11.92
3S45,B,10,V,0,0.3,11.93
3S45,B,11,V,0,-0.811,10.54
3S45,B,12,T,0,-0.779,9.32
3S45,B,13,A,0,-0.89,9.67
3S45,B,14,Y,0,-0.08,9.85
3S45,B,15,I,0,-0.835,9.51
3S45,B,16,E,0,-0.478,14.08
3S45,B,17,G,0,-0.729,12.43
3S45,B,18,Q,0,-0.455,10.72
3S45,B,19,P,0,-0.799,8.86
3S45,B,20,V,0,-0.36,7.88
3S45,B,21,E,0,-0.463,6.89
3S45,B,22,V,0,-0.36,8.17
3S45,B,23,L,0,-0.328,6.69
3S45,B,24,L,0,-0.178,9.83
3S45,B,25,D,0,-0.201,12.51
3S45,B,26,T,0,-0.731,9.72
3S45,B,27,G,0,-0.793,11.38
3S45,B,28,A,0,-0.473,10.59
3S45,B,29,D,0,0.169,13.74
3S45,B,30,D,0,-0.642,12.26
3S45,B,31,S,0,-0.06,7.6
3S45,B,32,I,0,0.335,7.92
3S45,B,33,V,0,0.24,8.24
3S45,B,34,A,0,-0.547,9.8
3S45,B,35,G,0,0.624,23.9
3S45,B,36,I,0,0.177,22.46
3S45,B,37,E,0,1.457,24.75
3S45,B,38,L,0,-1.111,19.45
3S45,B,39,G,0,-0.116,19.2
3S45,B,40,N,0,-0.027,20.44
3S45,B,41,N,0,0.663,21.4
3S45,B,42,Y,0,-0.726,15.76
3S45,B,43,S,0,-0.402,13.79
3S45,B,44,P,0,-0.821,9.75
3S45,B,45,K,0,-0.908,9.77
3S45,B,46,I,0,-0.203,9.62
3S45,B,47,V,0,-0.811,11.6
3S45,B,48,G,0,-0.814,13.1
3S45,B,49,G,0,-0.349,10.09
3S45,B,50,I,0,-0.139,11.97
3S45,B,51,G,0,-0.666,16.5
3S45,B,52,G,0,-0.37,16.62
3S45,B,53,F,0,1.038,13.53
3S45,B,54,I,0,0.462,10.15
3S45,B,55,N,0,-0.333,10.39
3S45,B,56,T,0,-0.183,9.77
3S45,B,57,K,0,-0.74,9.89
3S45,B,58,E,0,-0.556,10.69
3S45,B,59,Y,0,-0.418,10.92
3S45,B,60,K,0,0.265,17.77
3S45,B,61,N,0,0.318,22.1
3S45,B,62,V,0,-0.691,17.25
3S45,B,63,E,0,0.636,18.12
3S45,B,64,I,0,1.0,17.52
3S45,B,65,E,0,-0.184,12.06
3S45,B,66,V,0,-0.901,12.58
3S45,B,67,L,0,-0.66,16.93
3S45,B,68,N,0,1.544,19.58
3S45,B,69,K,0,1.672,20.53
3S45,B,70,K,0,0.365,22.1
3S45,B,71,V,0,-0.661,22.43
3S45,B,72,R,0,0.59,21.42
3S45,B,73,A,0,-0.645,17.6
3S45,B,74,T,0,-0.755,12.52
3S45,B,75,I,0,-0.234,11.67
3S45,B,76,M,0,0.243,10.78
3S45,B,77,T,0,-0.326,9.22
3S45,B,78,G,0,-0.159,9.95
3S45,B,79,D,0,-0.219,10.77
3S45,B,80,T,0,-0.779,11.79
3S45,B,81,P,0,-0.38,11.52
3S45,B,82,I,0,-0.424,9.15
3S45,B,83,N,0,-0.333,6.01
3S45,B,84,I,0,-0.139,7.65
3S45,B,85,F,0,0.117,8.51
3S45,B,86,G,0,-0.201,9.74
3S45,B,87,R,0,-0.777,10.1
3S45,B,88,N,0,-0.793,12.58
3S45,B,89,I,0,-0.487,12.36
3S45,B,90,L,0,-0.238,13.03
3S45,B,91,T,0,-0.612,18.03
3S45,B,92,A,0,-0.62,21.9
3S45,B,93,L,0,0.063,22.0
3S45,B,94,G,0,-0.603,24.38
3S45,B,95,M,0,-0.23,23.35
3S45,B,96,S,0,-0.582,22.23
3S45,B,97,L,0,-0.208,20.72
3S45,B,98,N,0,-0.333,24.16
3S45,B,99,L,0,2.684,32.32
3EC0,A,1,P,0,5.499,44.91
3EC0,A,2,Q,0,0.517,33.63
3EC0,A,3,F,0,0.679,20.5
3EC0,A,4,S,0,0.71,22.56
3EC0,A,5,L,0,0.621,19.96
3EC0,A,6,W,0,0.676,24.01
3EC0,A,7,K,0,1.2,23.77
3EC0,A,8,R,0,-0.032,18.84
3EC0,A,9,P,0,0.03,14.23
3EC0,A,10,V,0,0.61,15.8
3EC0,A,11,V,0,0.508,22.0
3EC0,A,12,T,0,0.575,23.31
3EC0,A,13,A,0,0.238,22.28
3EC0,A,14,Y,0,2.622,23.47
3EC0,A,15,I,0,1.147,23.12
3EC0,A,16,E,0,1.622,31.54
3EC0,A,17,G,0,4.0,35.95
3EC0,A,18,Q,0,3.133,31.62
3EC0,A,19,P,0,1.473,27.41
3EC0,A,20,V,0,3.017,22.42
3EC0,A,21,E,0,1.053,20.95
3EC0,A,22,V,0,-0.203,14.37
3EC0,A,23,L,0,-0.027,12.95
3EC0,A,24,L,0,0.212,11.61
3EC0,A,25,D,0,-0.19,9.55
3EC0,A,26,T,0,0.49,9.63
3EC0,A,27,G,0,-0.069,10.35
3EC0,A,28,A,0,0.18,9.99
3EC0,A,29,D,0,-0.318,10.67
3EC0,A,30,D,0,0.258,10.81
3EC0,A,31,S,0,0.009,11.04
3EC0,A,32,I,0,1.111,12.97
3EC0,A,33,V,0,1.119,13.67
3EC0,A,34,A,0,0.762,14.72
3EC0,A,35,G,0,1.593,24.57
3EC0,A,36,I,0,3.692,22.86
3EC0,A,37,E,0,0.734,24.64
3EC0,A,38,L,0,0.416,16.07
3EC0,A,39,G,0,1.221,19.55
3EC0,A,40,N,0,1.494,19.45
3EC0,A,41,N,0,0.621,15.77
3EC0,A,42,Y,0,1.766,13.96
3EC0,A,43,S,0,0.529,14.0
3EC0,A,44,P,0,0.511,11.74
3EC0,A,45,K,0,0.945,14.6
3EC0,A,46,I,0,0.43,10.4
3EC0,A,47,V,0,0.102,10.61
3EC0,A,48,G,0,0.551,12.08
3EC0,A,49,G,0,0.427,8.81
3EC0,A,50,I,0,1.039,10.44
3EC0,A,51,G,0,0.6,14.54
3EC0,A,52,G,0,0.129,20.59
3EC0,A,53,F,0,0.478,10.38
3EC0,A,54,I,0,0.287,11.77
3EC0,A,55,N,0,-0.115,10.23
3EC0,A,56,T,0,0.096,10.62
3EC0,A,57,K,0,-0.234,13.05
3EC0,A,58,E,0,0.254,14.01
3EC0,A,59,Y,0,1.701,15.66
3EC0,A,60,K,0,1.22,20.66
3EC0,A,61,N,0,1.701,23.62
3EC0,A,62,V,0,2.271,21.86
3EC0,A,63,E,0,1.568,27.29
3EC0,A,64,I,0,2.186,24.47
3EC0,A,65,E,0,1.284,22.97
3EC0,A,66,V,0,2.203,20.71
3EC0,A,67,L,0,2.225,25.69
3EC0,A,68,N,0,4.115,30.82
3EC0,A,69,K,0,1.692,30.37
3EC0,A,70,K,0,0.925,25.88
3EC0,A,71,V,0,0.746,26.56
3EC0,A,72,R,0,4.677,28.13
3EC0,A,73,A,0,0.355,20.57
3EC0,A,74,T,0,0.152,16.88
3EC0,A,75,I,0,1.864,17.09
3EC0,A,76,M,0,0.142,12.17
3EC0,A,77,T,0,-0.186,11.66
3EC0,A,78,G,0,-0.293,13.25
3EC0,A,79,D,0,0.301,13.28
3EC0,A,80,T,0,0.659,13.9
3EC0,A,81,P,0,-0.172,15.31
3EC0,A,82,I,0,0.108,13.81
3EC0,A,83,N,0,-0.023,11.02
3EC0,A,84,I,0,0.824,11.26
3EC0,A,85,F,0,0.645,12.32
3EC0,A,86,G,0,0.228,9.51
3EC0,A,87,R,0,0.269,11.22
3EC0,A,88,N,0,-0.184,12.25
3EC0,A,89,I,0,0.645,13.22
3EC0,A,90,L,0,0.485,12.98
3EC0,A,91,T,0,-0.045,16.9
3EC0,A,92,A,0,0.413,20.57
3EC0,A,93,L,0,0.826,21.74
3EC0,A,94,G,0,0.973,25.35
3EC0,A,95,M,0,0.513,19.23
3EC0,A,96,S,0,-0.466,18.21
3EC0,A,97,L,0,0.655,17.43
3EC0,A,98,N,0,0.138,17.51
3EC0,A,99,L,0,3.693,23.45
