aligned.pos;pdb.3QYM_B.pos;nbr.AA;nbr.SL;neqAA;neqSL;SS;signif
1;-;1;0;0;0;-; 
2;-;1;0;0;0;-; 
3;-;1;1;1;0;-; 
4;127;1;1;1;0;-; 
5;128;1;1;1;1;l; 
6;129;1;1;1;1;l; 
7;130;1;1;1;1;l; 
8;131;1;1;1;1;l; 
9;132;1;2;1;1.89;s-l;*
10;133;1;2;1;1.89;l;/
11;134;1;1;1;1;l; 
12;135;1;3;1;2.28;l;/
13;136;1;2;1;1.89;h-l;*
14;137;1;1;1;1;l; 
15;138;1;1;1;1;l; 
16;139;1;1;1;1;s; 
17;140;1;1;1;1;s; 
18;141;1;1;1;1;s; 
19;142;1;2;1;1.89;s;/
20;143;1;2;1;1.7;s;/
21;144;2;1;1.38;1;l;!
22;145;1;2;1;1.82;l;/
23;146;1;2;1;1.89;s-l;*
24;-;1;2;1;1.89;l;/
25;-;1;2;1;1.57;l;/
26;-;1;2;1;1.82;l;/
27;150;1;2;1;1.82;l;/
28;151;1;3;1;2.46;s-l;*
29;152;1;4;1;3.65;l;/
30;153;1;1;1;1;l; 
31;154;1;1;1;1;s; 
32;155;1;1;1;1;s; 
33;156;1;2;1;1.89;s;/
34;157;1;2;1;1.89;l;/
35;158;1;4;1;2.67;h-l;*
36;159;1;2;1;1.33;h-l; 
37;160;1;1;1;1;l; 
38;161;1;1;1;1;l; 
39;162;1;2;1;1.89;s;/
40;163;1;2;1;1.89;s;/
41;164;1;1;1;1;s; 
42;165;1;2;1;1.89;s-l;*
43;166;1;2;1;1.75;l;/
44;167;1;1;1;1;l; 
45;168;1;1;1;1;l; 
46;169;1;1;1;1;l; 
47;170;1;1;1;1;s; 
48;171;1;2;1;1.33;s; 
49;172;1;2;1;1.89;s;/
50;173;1;1;1;1;s; 
51;174;1;2;1;1.75;s;/
52;175;1;1;1;1;s; 
53;176;1;1;1;1;s; 
54;177;1;1;1;1;l; 
55;178;1;1;1;1;l; 
56;179;1;1;1;1;l; 
57;180;1;1;1;1;s; 
58;181;1;2;1;1.89;l;/
59;182;1;1;1;1;l; 
60;183;1;2;1;1.89;l;/
61;184;1;2;1;1.33;l; 
62;185;1;2;1;1.89;s;/
63;186;1;2;1;1.33;s; 
64;187;1;1;1;1;s; 
65;188;1;1;1;1;s; 
66;189;1;2;1;1.57;s;/
67;190;1;1;1;1;s; 
68;191;1;1;1;1;s; 
69;192;1;1;1;1;l; 
70;193;1;1;1;1;l; 
71;194;1;1;1;1;l; 
72;195;1;1;1;1;l; 
73;196;1;2;1;1.89;l;/
74;197;1;2;1;1.75;l;/
75;198;1;2;1;1.75;l;/
76;199;1;1;1;1;l; 
77;200;1;1;1;1;l; 
78;201;1;1;1;1;s; 
79;202;1;1;1;1;s; 
80;203;1;1;1;1;s; 
81;204;1;2;1;1.89;l;/
82;205;1;1;1;1;l; 
83;206;1;1;1;1;l; 
84;207;1;3;1;2.28;h-l;*
85;208;1;3;1;2.38;h-l;*
86;209;1;2;1;1.57;h-l;*
87;210;1;2;1;1.75;l;/
88;211;1;2;1;1.89;l;/
89;212;1;3;1;2.28;l;/
90;213;1;2;1;1.89;l;/
91;214;1;1;1;1;l; 
92;215;1;1;1;1;l; 
93;216;1;3;1;2.38;l;/
94;217;1;2;1;1.89;l;/
95;218;1;2;1;1.89;l;/
96;219;1;2;1;1.89;l;/
97;220;1;1;1;1;l; 
98;221;1;1;1;1;l; 
99;222;1;2;1;1.57;l;/
100;223;1;2;1;1.89;l;/
101;224;1;1;1;1;l; 
102;225;1;1;1;1;l; 
103;226;1;2;1;1.75;l;/
104;227;1;1;1;1;s; 
105;228;1;1;1;1;s; 
106;229;1;1;1;1;s; 
107;230;1;1;1;1;l; 
108;231;1;1;1;1;l; 
109;232;1;1;1;1;l; 
110;233;1;1;1;1;l; 
111;234;1;2;1;1.75;l;/
112;235;1;1;1;1;s; 
113;236;1;2;1;1.89;s;/
114;237;1;1;1;1;s; 
115;238;1;1;1;1;s; 
116;239;1;1;1;1;s; 
117;240;1;1;1;1;l; 
118;241;1;2;1;1.75;l;/
119;242;1;1;1;1;l; 
120;243;1;2;1;1.33;l; 
121;244;1;1;1;1;l; 
122;245;1;2;1;1.33;s; 
123;246;1;1;1;1;s; 
124;247;1;1;1;1;s; 
125;248;1;1;1;1;s; 
126;249;1;1;1;1;s; 
127;250;1;1;1;1;l; 
128;251;1;1;1;1;l; 
129;252;1;1;1;1;s; 
130;253;1;2;1;1.75;s-l;*
131;254;1;2;1;1.33;l; 
132;255;1;2;1;1.89;l;/
133;256;1;2;1;1.89;l;/
134;257;1;2;1;1.89;l;/
135;258;1;2;1;1.33;l; 
136;259;1;1;1;1;l; 
137;260;1;2;1;1.89;l;/
138;261;1;1;1;1;s; 
139;262;1;1;1;1;s; 
140;263;1;2;1;1.89;s;/
141;264;1;2;1;1.75;s;/
142;265;1;1;1;1;s; 
143;266;1;2;1;1.57;s;/
144;267;1;1;1;1;s; 
145;268;1;1;1;1;l; 
146;269;1;1;1;1;l; 
147;270;1;2;1;1.75;s-l;*
148;271;1;1;1;1;l; 
149;272;1;3;1;2.06;h-l;*
150;273;1;1;1;1;l; 
151;274;1;2;1;1.89;s-l;*
152;275;1;1;1;1;l; 
153;276;1;2;1;1.89;l;/
154;277;1;2;1;1.89;l;/
155;278;1;2;1;1.89;l;/
156;279;1;1;1;1;l; 
157;280;1;1;1;1;l; 
158;281;1;1;1;1;l; 
159;282;1;2;1;1.75;s;/
160;283;1;2;1;1.89;s;/
161;284;1;1;1;1;s; 
162;285;1;1;1;1;s; 
163;286;1;2;1;1.75;s;/
164;287;1;2;1;1.33;s; 
165;288;1;2;1;1.57;s;/
166;289;1;1;1;1;s; 
167;290;1;2;1;1.89;s-l;*
168;291;1;1;1;1;l; 
169;292;1;2;1;1.89;h-l;*
170;293;1;1;1;1;l; 
171;294;1;1;1;1;l; 
172;295;1;1;1;1;l; 
173;296;1;1;1;1;l; 
174;297;1;1;1;1;l; 
175;298;1;1;1;1;s; 
176;299;1;1;1;1;s; 
177;300;1;1;1;1;s; 
178;301;1;1;1;1;s; 
179;302;1;2;1;1.89;s-l;*
180;303;1;1;1;1;s; 
181;304;1;2;1;1.75;s-l;*
182;305;1;2;1;1.75;s-l;*
183;306;1;2;1;1.89;s-l;*
184;307;1;1;1;1;l; 
185;308;1;1;1;1;l; 
186;309;1;1;1;1;l; 
187;310;1;2;1;1.33;h-l; 
188;311;1;1;1;1;l; 
189;312;1;1;1;1;h; 
190;313;1;3;1;2.28;h-l;*
191;314;1;3;1;2.28;h-l;*
192;315;1;2;1;1.89;h;/
193;316;1;2;1;1.89;h;/
194;317;1;3;1;2.28;h;/
195;318;1;3;1;2.28;h;/
196;319;1;2;1;1.33;l; 
197;320;1;2;1;0;-; 
198;-;1;1;0;0;-; 
199;-;1;0;0;0;-; 
