"Aligned";"3QYM_B";"3QYM_D";"3QYM_A";"3QYM_C";"3QYM_F";"3QYM_G";"3QYN_A";"3QYN_C";"3QYM_E";"3QYM_H";"3QYN_B";"3QYN_D"
1;"-";"-";"-";"-";"-";"-";"-";"-";"-";"-";"124";"124"
2;"-";"125";"-";"-";"-";"-";"-";"125";"125";"-";"125";"125"
3;"-";"126";"126";"126";"126";"-";"126";"126";"126";"-";"126";"126"
4;"127";"127";"127";"127";"127";"-";"127";"127";"127";"127";"127";"127"
5;"128";"128";"128";"128";"128";"128";"128";"128";"128";"128";"128";"128"
6;"129";"129";"129";"129";"129";"129";"129";"129";"129";"129";"129";"129"
7;"130";"130";"130";"130";"130";"130";"130";"130";"130";"130";"130";"130"
8;"131";"131";"131";"131";"131";"131";"131";"131";"131";"131";"131";"131"
9;"132";"132";"132";"132";"132";"132";"132";"132";"132";"132";"132";"132"
10;"133";"133";"133";"133";"133";"133";"133";"133";"133";"133";"133";"133"
11;"134";"134";"134";"134";"134";"134";"134";"134";"134";"134";"134";"134"
12;"135";"135";"135";"135";"135";"135";"135";"135";"135";"135";"135";"135"
13;"136";"136";"136";"136";"136";"136";"136";"136";"136";"136";"136";"136"
14;"137";"137";"137";"137";"137";"137";"137";"137";"137";"137";"137";"137"
15;"138";"138";"138";"138";"138";"138";"138";"138";"138";"138";"138";"138"
16;"139";"139";"139";"139";"139";"139";"139";"139";"139";"139";"139";"139"
17;"140";"140";"140";"140";"140";"140";"140";"140";"140";"140";"140";"140"
18;"141";"141";"141";"141";"141";"141";"141";"141";"141";"141";"141";"141"
19;"142";"142";"142";"142";"142";"142";"142";"142";"142";"142";"142";"142"
20;"143";"143";"143";"143";"143";"143";"143";"143";"143";"143";"143";"143"
21;"144";"144";"-";"144";"144";"144";"144";"144";"144";"144";"150";"-"
22;"145";"145";"-";"145";"145";"145";"145";"145";"145";"150";"-";"-"
23;"146";"146";"-";"146";"146";"-";"146";"146";"146";"-";"-";"-"
24;"-";"147";"147";"147";"147";"-";"147";"147";"147";"-";"-";"-"
25;"-";"148";"148";"148";"148";"-";"148";"148";"148";"-";"-";"-"
26;"-";"149";"149";"149";"149";"149";"149";"149";"149";"-";"-";"-"
27;"150";"150";"150";"150";"150";"150";"150";"150";"150";"-";"-";"-"
28;"151";"151";"151";"151";"151";"151";"151";"151";"151";"151";"151";"151"
29;"152";"152";"152";"152";"152";"152";"152";"152";"152";"152";"152";"152"
30;"153";"153";"153";"153";"153";"153";"153";"153";"153";"153";"153";"153"
31;"154";"154";"154";"154";"154";"154";"154";"154";"154";"154";"154";"154"
32;"155";"155";"155";"155";"155";"155";"155";"155";"155";"155";"155";"155"
33;"156";"156";"156";"156";"156";"156";"156";"156";"156";"156";"156";"156"
34;"157";"157";"157";"157";"157";"157";"157";"157";"157";"157";"157";"157"
35;"158";"158";"158";"158";"158";"158";"158";"158";"158";"158";"158";"158"
36;"159";"159";"159";"159";"159";"159";"159";"159";"159";"159";"159";"159"
37;"160";"160";"160";"160";"160";"160";"160";"160";"160";"160";"160";"160"
38;"161";"161";"161";"161";"161";"161";"161";"161";"161";"161";"161";"161"
39;"162";"162";"162";"162";"162";"162";"162";"162";"162";"162";"162";"162"
40;"163";"163";"163";"163";"163";"163";"163";"163";"163";"163";"163";"163"
41;"164";"164";"164";"164";"164";"164";"164";"164";"164";"164";"164";"164"
42;"165";"165";"165";"165";"165";"165";"165";"165";"165";"165";"165";"165"
43;"166";"166";"166";"166";"166";"166";"166";"166";"166";"166";"166";"166"
44;"167";"167";"167";"167";"167";"167";"167";"167";"167";"167";"167";"167"
45;"168";"168";"168";"168";"168";"168";"168";"168";"168";"168";"168";"168"
46;"169";"169";"169";"169";"169";"169";"169";"169";"169";"169";"169";"169"
47;"170";"170";"170";"170";"170";"170";"170";"170";"170";"170";"170";"170"
48;"171";"171";"171";"171";"171";"171";"171";"171";"171";"171";"171";"171"
49;"172";"172";"172";"172";"172";"172";"172";"172";"172";"172";"172";"172"
50;"173";"173";"173";"173";"173";"173";"173";"173";"173";"173";"173";"173"
51;"174";"174";"174";"174";"174";"174";"174";"174";"174";"174";"174";"174"
52;"175";"175";"175";"175";"175";"175";"175";"175";"175";"175";"175";"175"
53;"176";"176";"176";"176";"176";"176";"176";"176";"176";"176";"176";"176"
54;"177";"177";"177";"177";"177";"177";"177";"177";"177";"177";"177";"177"
55;"178";"178";"178";"178";"178";"178";"178";"178";"178";"178";"178";"178"
56;"179";"179";"179";"179";"179";"179";"179";"179";"179";"179";"179";"179"
57;"180";"180";"180";"180";"180";"180";"180";"180";"180";"180";"180";"180"
58;"181";"181";"181";"181";"181";"181";"181";"181";"181";"181";"181";"181"
59;"182";"182";"182";"182";"182";"182";"182";"182";"182";"182";"182";"182"
60;"183";"183";"183";"183";"183";"183";"183";"183";"183";"183";"183";"183"
61;"184";"184";"184";"184";"184";"184";"184";"184";"184";"184";"184";"184"
62;"185";"185";"185";"185";"185";"185";"185";"185";"185";"185";"185";"185"
63;"186";"186";"186";"186";"186";"186";"186";"186";"186";"186";"186";"186"
64;"187";"187";"187";"187";"187";"187";"187";"187";"187";"187";"187";"187"
65;"188";"188";"188";"188";"188";"188";"188";"188";"188";"188";"188";"188"
66;"189";"189";"189";"189";"189";"189";"189";"189";"189";"189";"189";"189"
67;"190";"190";"190";"190";"190";"190";"190";"190";"190";"190";"190";"190"
68;"191";"191";"191";"191";"191";"191";"191";"191";"191";"191";"191";"191"
69;"192";"192";"192";"192";"192";"192";"192";"192";"192";"192";"192";"192"
70;"193";"193";"193";"193";"193";"193";"193";"193";"193";"193";"193";"193"
71;"194";"194";"194";"194";"194";"194";"194";"194";"194";"194";"194";"194"
72;"195";"195";"195";"195";"195";"195";"195";"195";"195";"195";"195";"195"
73;"196";"196";"196";"196";"196";"196";"196";"196";"196";"196";"196";"196"
74;"197";"197";"197";"197";"197";"197";"197";"197";"197";"197";"197";"197"
75;"198";"198";"198";"198";"198";"198";"198";"198";"198";"198";"198";"198"
76;"199";"199";"199";"199";"199";"199";"199";"199";"199";"199";"199";"199"
77;"200";"200";"200";"200";"200";"200";"200";"200";"200";"200";"200";"200"
78;"201";"201";"201";"201";"201";"201";"201";"201";"201";"201";"201";"201"
79;"202";"202";"202";"202";"202";"202";"202";"202";"202";"202";"202";"202"
80;"203";"203";"203";"203";"203";"203";"203";"203";"203";"203";"203";"203"
81;"204";"204";"204";"204";"204";"204";"204";"204";"204";"204";"204";"204"
82;"205";"205";"205";"205";"205";"205";"205";"205";"205";"205";"205";"205"
83;"206";"206";"206";"206";"206";"206";"206";"206";"206";"206";"206";"206"
84;"207";"207";"207";"207";"207";"207";"207";"207";"207";"207";"207";"207"
85;"208";"208";"208";"208";"208";"208";"208";"208";"208";"208";"208";"208"
86;"209";"209";"209";"209";"209";"209";"209";"209";"209";"209";"209";"209"
87;"210";"210";"210";"210";"210";"210";"210";"210";"210";"210";"210";"210"
88;"211";"211";"211";"211";"211";"211";"211";"211";"211";"211";"211";"211"
89;"212";"212";"212";"212";"212";"212";"212";"212";"212";"212";"212";"212"
90;"213";"213";"213";"213";"213";"213";"213";"213";"213";"213";"213";"213"
91;"214";"214";"214";"214";"214";"214";"214";"214";"214";"214";"214";"214"
92;"215";"215";"215";"215";"215";"215";"215";"215";"215";"215";"215";"215"
93;"216";"216";"216";"216";"216";"216";"216";"216";"216";"216";"216";"216"
94;"217";"217";"217";"217";"217";"217";"217";"217";"217";"217";"217";"217"
95;"218";"218";"218";"218";"218";"218";"218";"218";"218";"218";"218";"218"
96;"219";"219";"219";"219";"219";"219";"219";"219";"219";"219";"219";"219"
97;"220";"220";"220";"220";"220";"220";"220";"220";"220";"220";"220";"220"
98;"221";"221";"221";"221";"221";"221";"221";"221";"221";"221";"221";"221"
99;"222";"222";"222";"222";"222";"222";"222";"222";"222";"222";"222";"222"
100;"223";"223";"223";"223";"223";"223";"223";"223";"223";"223";"223";"223"
101;"224";"224";"224";"224";"224";"224";"224";"224";"224";"224";"224";"224"
102;"225";"225";"225";"225";"225";"225";"225";"225";"225";"225";"225";"225"
103;"226";"226";"226";"226";"226";"226";"226";"226";"226";"226";"226";"226"
104;"227";"227";"227";"227";"227";"227";"227";"227";"227";"227";"227";"227"
105;"228";"228";"228";"228";"228";"228";"228";"228";"228";"228";"228";"228"
106;"229";"229";"229";"229";"229";"229";"229";"229";"229";"229";"229";"229"
107;"230";"230";"230";"230";"230";"230";"230";"230";"230";"230";"230";"230"
108;"231";"231";"231";"231";"231";"231";"231";"231";"231";"231";"231";"231"
109;"232";"232";"232";"232";"232";"232";"232";"232";"232";"232";"232";"232"
110;"233";"233";"233";"233";"233";"233";"233";"233";"233";"233";"233";"233"
111;"234";"234";"234";"234";"234";"234";"234";"234";"234";"234";"234";"234"
112;"235";"235";"235";"235";"235";"235";"235";"235";"235";"235";"235";"235"
113;"236";"236";"236";"236";"236";"236";"236";"236";"236";"236";"236";"236"
114;"237";"237";"237";"237";"237";"237";"237";"237";"237";"237";"237";"237"
115;"238";"238";"238";"238";"238";"238";"238";"238";"238";"238";"238";"238"
116;"239";"239";"239";"239";"239";"239";"239";"239";"239";"239";"239";"239"
117;"240";"240";"240";"240";"240";"240";"240";"240";"240";"240";"240";"240"
118;"241";"241";"241";"241";"241";"241";"241";"241";"241";"241";"241";"241"
119;"242";"242";"242";"242";"242";"242";"242";"242";"242";"242";"242";"242"
120;"243";"243";"243";"243";"243";"243";"243";"243";"243";"243";"243";"243"
121;"244";"244";"244";"244";"244";"244";"244";"244";"244";"244";"244";"244"
122;"245";"245";"245";"245";"245";"245";"245";"245";"245";"245";"245";"245"
123;"246";"246";"246";"246";"246";"246";"246";"246";"246";"246";"246";"246"
124;"247";"247";"247";"247";"247";"247";"247";"247";"247";"247";"247";"247"
125;"248";"248";"248";"248";"248";"248";"248";"248";"248";"248";"248";"248"
126;"249";"249";"249";"249";"249";"249";"249";"249";"249";"249";"249";"249"
127;"250";"250";"250";"250";"250";"250";"250";"250";"250";"250";"250";"250"
128;"251";"251";"251";"251";"251";"251";"251";"251";"251";"251";"251";"251"
129;"252";"252";"252";"252";"252";"252";"252";"252";"252";"252";"252";"252"
130;"253";"253";"253";"253";"253";"253";"253";"253";"253";"253";"253";"253"
131;"254";"254";"254";"254";"254";"254";"254";"254";"254";"254";"254";"254"
132;"255";"255";"255";"255";"255";"255";"255";"255";"255";"255";"255";"255"
133;"256";"256";"256";"256";"256";"256";"256";"256";"256";"256";"256";"256"
134;"257";"257";"257";"257";"257";"257";"257";"257";"257";"257";"257";"257"
135;"258";"258";"258";"258";"258";"258";"258";"258";"258";"258";"258";"258"
136;"259";"259";"259";"259";"259";"259";"259";"259";"259";"259";"259";"259"
137;"260";"260";"260";"260";"260";"260";"260";"260";"260";"260";"260";"260"
138;"261";"261";"261";"261";"261";"261";"261";"261";"261";"261";"261";"261"
139;"262";"262";"262";"262";"262";"262";"262";"262";"262";"262";"262";"262"
140;"263";"263";"263";"263";"263";"263";"263";"263";"263";"263";"263";"263"
141;"264";"264";"264";"264";"264";"264";"264";"264";"264";"264";"264";"264"
142;"265";"265";"265";"265";"265";"265";"265";"265";"265";"265";"265";"265"
143;"266";"266";"266";"266";"266";"266";"266";"266";"266";"266";"266";"266"
144;"267";"267";"267";"267";"267";"267";"267";"267";"267";"267";"267";"267"
145;"268";"268";"268";"268";"268";"268";"268";"268";"268";"268";"268";"268"
146;"269";"269";"269";"269";"269";"269";"269";"269";"269";"269";"269";"269"
147;"270";"270";"270";"270";"270";"270";"270";"270";"270";"270";"270";"270"
148;"271";"271";"271";"271";"271";"271";"271";"271";"271";"271";"271";"271"
149;"272";"272";"272";"272";"272";"272";"272";"272";"272";"272";"272";"272"
150;"273";"273";"273";"273";"273";"273";"273";"273";"273";"273";"273";"273"
151;"274";"274";"274";"274";"274";"274";"274";"274";"274";"274";"274";"274"
152;"275";"275";"275";"275";"275";"275";"275";"275";"275";"275";"275";"275"
153;"276";"276";"276";"276";"276";"276";"276";"276";"276";"276";"276";"276"
154;"277";"277";"277";"277";"277";"277";"277";"277";"277";"277";"277";"277"
155;"278";"278";"278";"278";"278";"278";"278";"278";"278";"278";"278";"278"
156;"279";"279";"279";"279";"279";"279";"279";"279";"279";"279";"279";"279"
157;"280";"280";"280";"280";"280";"280";"280";"280";"280";"280";"280";"280"
158;"281";"281";"281";"281";"281";"281";"281";"281";"281";"281";"281";"281"
159;"282";"282";"282";"282";"282";"282";"282";"282";"282";"282";"282";"282"
160;"283";"283";"283";"283";"283";"283";"283";"283";"283";"283";"283";"283"
161;"284";"284";"284";"284";"284";"284";"284";"284";"284";"284";"284";"284"
162;"285";"285";"285";"285";"285";"285";"285";"285";"285";"285";"285";"285"
163;"286";"286";"286";"286";"286";"286";"286";"286";"286";"286";"286";"286"
164;"287";"287";"287";"287";"287";"287";"287";"287";"287";"287";"287";"287"
165;"288";"288";"288";"288";"288";"288";"288";"288";"288";"288";"288";"288"
166;"289";"289";"289";"289";"289";"289";"289";"289";"289";"289";"289";"289"
167;"290";"290";"290";"290";"290";"290";"290";"290";"290";"290";"290";"290"
168;"291";"291";"291";"291";"291";"291";"291";"291";"291";"291";"291";"291"
169;"292";"292";"292";"292";"292";"292";"292";"292";"292";"292";"292";"292"
170;"293";"293";"293";"293";"293";"293";"293";"293";"293";"293";"293";"293"
171;"294";"294";"294";"294";"294";"294";"294";"294";"294";"294";"294";"294"
172;"295";"295";"295";"295";"295";"295";"295";"295";"295";"295";"295";"295"
173;"296";"296";"296";"296";"296";"296";"296";"296";"296";"296";"296";"296"
174;"297";"297";"297";"297";"297";"297";"297";"297";"297";"297";"297";"297"
175;"298";"298";"298";"298";"298";"298";"298";"298";"298";"298";"298";"298"
176;"299";"299";"299";"299";"299";"299";"299";"299";"299";"299";"299";"299"
177;"300";"300";"300";"300";"300";"300";"300";"300";"300";"300";"300";"300"
178;"301";"301";"301";"301";"301";"301";"301";"301";"301";"301";"301";"301"
179;"302";"302";"302";"302";"302";"302";"302";"302";"302";"302";"302";"302"
180;"303";"303";"303";"303";"303";"303";"303";"303";"303";"303";"303";"303"
181;"304";"304";"304";"304";"304";"304";"304";"304";"304";"304";"304";"304"
182;"305";"305";"305";"305";"305";"305";"305";"305";"305";"305";"305";"305"
183;"306";"306";"306";"306";"306";"306";"306";"306";"306";"306";"306";"306"
184;"307";"307";"307";"307";"307";"307";"307";"307";"307";"307";"307";"307"
185;"308";"308";"308";"308";"308";"308";"308";"308";"308";"308";"308";"308"
186;"309";"309";"309";"309";"309";"309";"309";"309";"309";"309";"309";"309"
187;"310";"310";"310";"310";"310";"310";"310";"310";"310";"310";"310";"310"
188;"311";"311";"311";"311";"311";"311";"311";"311";"311";"311";"311";"311"
189;"312";"312";"312";"312";"312";"312";"312";"312";"312";"312";"312";"312"
190;"313";"313";"313";"313";"313";"313";"313";"313";"313";"313";"313";"313"
191;"314";"314";"314";"314";"314";"314";"314";"314";"314";"314";"314";"314"
192;"315";"315";"315";"315";"315";"315";"315";"315";"315";"315";"315";"315"
193;"316";"316";"316";"316";"316";"316";"316";"316";"316";"316";"316";"316"
194;"317";"317";"317";"317";"317";"317";"317";"317";"317";"317";"317";"317"
195;"318";"318";"318";"318";"318";"318";"318";"318";"318";"318";"318";"318"
196;"319";"319";"319";"319";"319";"319";"319";"319";"319";"319";"319";"319"
197;"320";"320";"320";"320";"320";"320";"320";"320";"320";"320";"320";"320"
198;"-";"-";"-";"-";"-";"-";"-";"-";"321";"-";"321";"-"
199;"-";"-";"-";"-";"-";"-";"-";"-";"-";"-";"322";"-"
