aligned.pos;pdb.1SDT_A.pos;nbr.AA;nbr.SL;neqAA;neqSL;SS;signif
1;1;1;0;1;0;-; 
2;2;1;0;1;0;-; 
3;3;2;2;1.98;1.98;s;/
4;4;2;3;1.98;2.94;s-l;*
5;5;1;2;1;1.98;l;/
6;6;1;1;1;1;l; 
7;7;1;1;1;1;l; 
8;8;1;1;1;1;l; 
9;9;1;1;1;1;l; 
10;10;2;2;1.98;1.51;l;/
11;11;1;1;1;1;s; 
12;12;1;1;1;1;l; 
13;13;2;2;1.98;1.98;s;/
14;14;2;2;1.98;1.82;s;/
15;15;1;3;1;2.6;s;/
16;16;2;2;1.98;1.51;l;/
17;17;1;1;1;1;l; 
18;18;1;2;1;1.98;l;/
19;19;2;1;1.98;1;s;!
20;20;2;1;1.98;1;s;!
21;21;1;1;1;1;s; 
22;22;2;2;1.98;1.82;s;/
23;23;1;2;1;1.51;s;/
24;24;1;1;1;1;l; 
25;25;1;1;1;1;l; 
26;26;1;1;1;1;l; 
27;27;1;1;1;1;l; 
28;28;1;1;1;1;l; 
29;29;1;1;1;1;l; 
30;30;1;1;1;1;l; 
31;31;2;2;1.98;1.98;s-l;*
32;32;2;2;1.98;1.82;s;/
33;33;2;1;1.98;1;s;!
34;34;2;3;1.98;2.6;s-l;*
35;35;2;2;1.98;1.98;l;/
36;36;2;3;1.98;2.6;s-l;*
37;37;2;3;1.98;2.6;s-l;*
38;38;1;3;1;2.73;s-l;*
39;39;2;3;1.98;2.73;s-l;*
40;40;2;3;1.98;2.6;l;/
41;41;2;2;1.98;1.98;l;/
42;42;2;4;1.98;3.59;s-l;*
43;43;2;2;1.98;1.98;s;/
44;44;1;2;1;1.82;s-l;*
45;45;1;1;1;1;s; 
46;46;2;2;1.98;1.82;s;/
47;47;2;2;1.98;1.82;s;/
48;48;1;5;1;4.37;s;/
49;49;1;3;1;2.22;s-l;*
50;50;1;2;1;1.82;l;/
51;51;1;2;1;1.82;l;/
52;52;1;1;1;1;l; 
53;53;1;1;1;1;l; 
54;54;1;2;1;1.51;s;/
55;55;2;1;1.98;1;s;!
56;56;2;1;1.98;1;s;!
57;57;2;1;1.98;1;s;!
58;58;2;2;1.98;1.98;s;/
59;59;1;3;1;2.73;s;/
60;60;2;2;1.98;1.98;s;/
61;61;2;1;1.98;1;l;!
62;62;2;1;1.98;1;l;!
63;63;2;2;1.98;1.82;s-l;*
64;64;1;3;1;2.6;s;/
65;65;1;1;1;1;s; 
66;66;2;2;1.98;1.98;s;/
67;67;2;2;1.98;1.98;l;/
68;68;2;1;1.98;1;l;!
69;69;2;2;1.98;1.51;l;/
70;70;1;2;1;1.98;s;/
71;71;2;1;1.98;1;s;!
72;72;2;2;1.98;1.98;s;/
73;73;2;2;1.98;1.98;s-l;*
74;74;1;2;1;1.98;l;/
75;75;2;2;1.98;1.82;s;/
76;76;2;1;1.98;1;s;!
77;77;2;1;1.98;1;s;!
78;78;1;2;1;1.51;s-l;*
79;79;2;1;1.98;1;l;!
80;80;1;1;1;1;l; 
81;81;1;1;1;1;l; 
82;82;2;1;1.98;1;l;!
83;83;1;2;1;1.51;s-l;*
84;84;1;1;1;1;s; 
85;85;2;1;1.98;1;s;!
86;86;1;2;1;1.51;s;/
87;87;1;2;1;1.51;l;/
88;88;1;1;1;1;l; 
89;89;2;2;1.98;1.82;l;/
90;90;1;3;1;2.94;h-l;*
91;91;1;2;1;1.82;h;/
92;92;2;3;1.98;2.94;h;/
93;93;2;4;1.98;3.59;h;/
94;94;1;1;1;1;l; 
95;95;2;2;1.98;1.82;l;/
96;96;2;3;1.98;2.6;s;/
97;97;1;1;1;1;s; 
98;98;1;2;1;1.51;s;/
99;99;2;0;1.98;0;-;!
